name,title,level,facing,categories,description,detail,remediation,metadata,cache_key
rls_disabled_in_public,RLS Disabled in Public,ERROR,EXTERNAL,"[""SECURITY""]",Detects cases where row level security (RLS) has not been enabled on tables in schemas exposed to PostgREST,"Table \`public.flyway_schema_history\` is public, but RLS has not been enabled.",https://supabase.com/docs/guides/database/database-linter?lint=0013_rls_disabled_in_public,"{""name"":""flyway_schema_history"",""type"":""table"",""schema"":""public""}",rls_disabled_in_public_public_flyway_schema_history
rls_disabled_in_public,RLS Disabled in Public,ERROR,EXTERNAL,"[""SECURITY""]",Detects cases where row level security (RLS) has not been enabled on tables in schemas exposed to PostgREST,"Table \`public.user_roles\` is public, but RLS has not been enabled.",https://supabase.com/docs/guides/database/database-linter?lint=0013_rls_disabled_in_public,"{""name"":""user_roles"",""type"":""table"",""schema"":""public""}",rls_disabled_in_public_public_user_roles
rls_disabled_in_public,RLS Disabled in Public,ERROR,EXTERNAL,"[""SECURITY""]",Detects cases where row level security (RLS) has not been enabled on tables in schemas exposed to PostgREST,"Table \`public.roles\` is public, but RLS has not been enabled.",https://supabase.com/docs/guides/database/database-linter?lint=0013_rls_disabled_in_public,"{""name"":""roles"",""type"":""table"",""schema"":""public""}",rls_disabled_in_public_public_roles
rls_disabled_in_public,RLS Disabled in Public,ERROR,EXTERNAL,"[""SECURITY""]",Detects cases where row level security (RLS) has not been enabled on tables in schemas exposed to PostgREST,"Table \`public.refresh_tokens\` is public, but RLS has not been enabled.",https://supabase.com/docs/guides/database/database-linter?lint=0013_rls_disabled_in_public,"{""name"":""refresh_tokens"",""type"":""table"",""schema"":""public""}",rls_disabled_in_public_public_refresh_tokens
rls_disabled_in_public,RLS Disabled in Public,ERROR,EXTERNAL,"[""SECURITY""]",Detects cases where row level security (RLS) has not been enabled on tables in schemas exposed to PostgREST,"Table \`public.wallets\` is public, but RLS has not been enabled.",https://supabase.com/docs/guides/database/database-linter?lint=0013_rls_disabled_in_public,"{""name"":""wallets"",""type"":""table"",""schema"":""public""}",rls_disabled_in_public_public_wallets
rls_disabled_in_public,RLS Disabled in Public,ERROR,EXTERNAL,"[""SECURITY""]",Detects cases where row level security (RLS) has not been enabled on tables in schemas exposed to PostgREST,"Table \`public.wallet_entries\` is public, but RLS has not been enabled.",https://supabase.com/docs/guides/database/database-linter?lint=0013_rls_disabled_in_public,"{""name"":""wallet_entries"",""type"":""table"",""schema"":""public""}",rls_disabled_in_public_public_wallet_entries
rls_disabled_in_public,RLS Disabled in Public,ERROR,EXTERNAL,"[""SECURITY""]",Detects cases where row level security (RLS) has not been enabled on tables in schemas exposed to PostgREST,"Table \`public.transactions\` is public, but RLS has not been enabled.",https://supabase.com/docs/guides/database/database-linter?lint=0013_rls_disabled_in_public,"{""name"":""transactions"",""type"":""table"",""schema"":""public""}",rls_disabled_in_public_public_transactions
rls_disabled_in_public,RLS Disabled in Public,ERROR,EXTERNAL,"[""SECURITY""]",Detects cases where row level security (RLS) has not been enabled on tables in schemas exposed to PostgREST,"Table \`public.tickets\` is public, but RLS has not been enabled.",https://supabase.com/docs/guides/database/database-linter?lint=0013_rls_disabled_in_public,"{""name"":""tickets"",""type"":""table"",""schema"":""public""}",rls_disabled_in_public_public_tickets
rls_disabled_in_public,RLS Disabled in Public,ERROR,EXTERNAL,"[""SECURITY""]",Detects cases where row level security (RLS) has not been enabled on tables in schemas exposed to PostgREST,"Table \`public.agent_profile\` is public, but RLS has not been enabled.",https://supabase.com/docs/guides/database/database-linter?lint=0013_rls_disabled_in_public,"{""name"":""agent_profile"",""type"":""table"",""schema"":""public""}",rls_disabled_in_public_public_agent_profile
rls_disabled_in_public,RLS Disabled in Public,ERROR,EXTERNAL,"[""SECURITY""]",Detects cases where row level security (RLS) has not been enabled on tables in schemas exposed to PostgREST,"Table \`public.otp_log\` is public, but RLS has not been enabled.",https://supabase.com/docs/guides/database/database-linter?lint=0013_rls_disabled_in_public,"{""name"":""otp_log"",""type"":""table"",""schema"":""public""}",rls_disabled_in_public_public_otp_log
rls_disabled_in_public,RLS Disabled in Public,ERROR,EXTERNAL,"[""SECURITY""]",Detects cases where row level security (RLS) has not been enabled on tables in schemas exposed to PostgREST,"Table \`public.aeps_transaction\` is public, but RLS has not been enabled.",https://supabase.com/docs/guides/database/database-linter?lint=0013_rls_disabled_in_public,"{""name"":""aeps_transaction"",""type"":""table"",""schema"":""public""}",rls_disabled_in_public_public_aeps_transaction
rls_disabled_in_public,RLS Disabled in Public,ERROR,EXTERNAL,"[""SECURITY""]",Detects cases where row level security (RLS) has not been enabled on tables in schemas exposed to PostgREST,"Table \`public.user_services\` is public, but RLS has not been enabled.",https://supabase.com/docs/guides/database/database-linter?lint=0013_rls_disabled_in_public,"{""name"":""user_services"",""type"":""table"",""schema"":""public""}",rls_disabled_in_public_public_user_services
rls_disabled_in_public,RLS Disabled in Public,ERROR,EXTERNAL,"[""SECURITY""]",Detects cases where row level security (RLS) has not been enabled on tables in schemas exposed to PostgREST,"Table \`public.users\` is public, but RLS has not been enabled.",https://supabase.com/docs/guides/database/database-linter?lint=0013_rls_disabled_in_public,"{""name"":""users"",""type"":""table"",""schema"":""public""}",rls_disabled_in_public_public_users
rls_disabled_in_public,RLS Disabled in Public,ERROR,EXTERNAL,"[""SECURITY""]",Detects cases where row level security (RLS) has not been enabled on tables in schemas exposed to PostgREST,"Table \`public.payout_transactions\` is public, but RLS has not been enabled.",https://supabase.com/docs/guides/database/database-linter?lint=0013_rls_disabled_in_public,"{""name"":""payout_transactions"",""type"":""table"",""schema"":""public""}",rls_disabled_in_public_public_payout_transactions
rls_disabled_in_public,RLS Disabled in Public,ERROR,EXTERNAL,"[""SECURITY""]",Detects cases where row level security (RLS) has not been enabled on tables in schemas exposed to PostgREST,"Table \`public.aeps_users\` is public, but RLS has not been enabled.",https://supabase.com/docs/guides/database/database-linter?lint=0013_rls_disabled_in_public,"{""name"":""aeps_users"",""type"":""table"",""schema"":""public""}",rls_disabled_in_public_public_aeps_users
sensitive_columns_exposed,Sensitive Columns Exposed,ERROR,EXTERNAL,"[""SECURITY""]","Detects tables exposed via API that contain columns with potentially sensitive data (PII, credentials, financial info) without RLS protection.",Table `public.otp_log` is exposed via API without RLS and contains potentially sensitive column(s): otp. This may lead to data exposure.,https://supabase.com/docs/guides/database/database-linter?lint=0023_sensitive_columns_exposed,"{""name"":""otp_log"",""type"":""table"",""schema"":""public"",""matched_patterns"":[""otp""],""sensitive_columns"":[""otp""]}",sensitive_columns_exposed_public_otp_log
sensitive_columns_exposed,Sensitive Columns Exposed,ERROR,EXTERNAL,"[""SECURITY""]","Detects tables exposed via API that contain columns with potentially sensitive data (PII, credentials, financial info) without RLS protection.",Table `public.payout_transactions` is exposed via API without RLS and contains potentially sensitive column(s): account_number. This may lead to data exposure.,https://supabase.com/docs/guides/database/database-linter?lint=0023_sensitive_columns_exposed,"{""name"":""payout_transactions"",""type"":""table"",""schema"":""public"",""matched_patterns"":[""account_number""],""sensitive_columns"":[""account_number""]}",sensitive_columns_exposed_public_payout_transactions